2023-07-27  090000 ,2
2023-07-27  090001 ,2
2023-07-27  090002 ,2
2023-07-27  090003 ,2
2023-07-27  090004 ,2
2023-07-28  090001 ,2
2023-07-28  090002 ,2
2023-07-28  090003 ,2
2023-07-28  090004 ,2
2023-07-28  090005 ,2
2023-07-28  090006 ,2
2023-07-29  090001 ,2
2023-07-29  090002 ,2
2023-07-29  090003 ,2
2023-07-29  090004 ,2
2023-07-29  090005 ,2
2023-07-30  090001 ,2
2023-07-31  090001 ,2
2023-07-31  090002 ,2
2023-08-01  090001 ,2
2023-08-01  090002 ,2
2023-08-01  090003 ,2
2023-08-01  090004 ,2
2023-08-01  090005 ,2
2023-08-01  090006 ,2
2023-08-01  090007 ,2
2023-08-01  090008 ,2
2023-08-01  090009 ,2
2023-08-02  090001 ,2
2023-08-02  090002 ,2
